<?xml version="1.0" encoding="UTF-8" ?>
<!DOCTYPE mapper
        PUBLIC "-//mybatis.org//DTD Mapper 3.0//EN"
        "http://mybatis.org/dtd/mybatis-3-mapper.dtd">
<mapper namespace="com.lanf.log.mapper.SysOperLogMapper">
    <resultMap id="sysOperLogMap" type="com.lanf.model.system.SysOperLog" autoMapping="true">
    </resultMap>
    <!-- 用于select查询公用抽取的列 -->
    <sql id="columns">
            x1.title
            ,x1.business_type
            ,x1.method
            ,x1.request_method
            ,x1.operator_type
            ,x1.oper_name
            ,x1.dept_name
            ,x1.oper_url
            ,x1.oper_ip
            ,x1.oper_param
            ,x1.json_result
            ,x1.status
            ,x1.error_msg
            ,x1.oper_time
            ,x1.create_time
            ,x1.update_time
            ,x1.is_deleted
            ,x1.id
        
    </sql>
    <sql id="middles">
        from sys_oper_log x1
    </sql>
    <sql id="conditions">
        <if test="vo.title != null and vo.title != ''">
            and x1.title like CONCAT('%',#{vo.title},'%')
        </if>
        and x1.is_deleted = 0 order by x1.create_time desc
    </sql>
    <select id="selectPage" resultMap="sysOperLogMap">
        select
        <include refid="columns"/>
        <include refid="middles"/>
        <where>
            <include refid="conditions"/>
        </where>
    </select>
    <select id="queryList" resultMap="sysOperLogMap">
        select
        <include refid="columns"/>
        <include refid="middles"/>
        <where>
            <include refid="conditions"/>
        </where>
    </select>
</mapper>