<?xml version="1.0" encoding="UTF-8" ?>
<!DOCTYPE mapper
        PUBLIC "-//mybatis.org//DTD Mapper 3.0//EN"
        "http://mybatis.org/dtd/mybatis-3-mapper.dtd">
<mapper namespace="com.lanf.business.mapper.TbTreeTestMapper">
    <resultMap id="tbTreeTestMap" type="com.lanf.business.model.TbTreeTest" autoMapping="true">
    </resultMap>
    <!-- 用于select查询公用抽取的列 -->
    <sql id="columns">
            x1.name
            ,x1.tree_remark
            ,x1.parent_id
            ,x1.sort_value
            ,x1.create_time
            ,x1.update_time
            ,x1.is_deleted
            ,x1.id
        
    </sql>
    <sql id="middles">
        from tb_tree_test x1
    </sql>
    <sql id="conditions">
                <if test="vo.name != null and vo.name != ''">
              and x1.name like CONCAT('%',#{vo.name},'%')
                </if>
                <if test="vo.treeRemark != null and vo.treeRemark != ''">
              and x1.tree_remark like CONCAT('%',#{vo.treeRemark},'%')
                </if>
                <if test="vo.parentId != null and vo.parentId != ''">
              and x1.parent_id=#{vo.parentId}
                </if>
        <if test="vo.createTimeBegin != null and vo.createTimeBegin != ''">
              and x1.create_time >= #{vo.createTimeBegin}
        </if>
        <if test="vo.createTimeEnd != null and vo.createTimeEnd != ''">
             and x1.create_time &lt;= #{vo.createTimeEnd}
        </if>
        <if test="vo.updateTimeBegin != null and vo.updateTimeBegin != ''">
             and x1.create_time >= #{vo.updateTimeBegin}
        </if>
        <if test="vo.updateTimeEnd != null and vo.updateTimeEnd != ''">
             and x1.create_time &lt;= #{vo.updateTimeEnd}
        </if>
             and x1.is_deleted = 0 order by x1.create_time desc
    </sql>
    <select id="selectPage" resultMap="tbTreeTestMap">
        select <include refid="columns" />
        <include refid="middles" />
        <where>
            <include refid="conditions" />
        </where>
    </select>
    <select id="queryList" resultMap="tbTreeTestMap">
        select <include refid="columns" />
        <include refid="middles" />
        <where>
            <include refid="conditions" />
        </where>
    </select>
</mapper>